"Grade","Learning","id","Post"
"1","First","List","1",73
"2","First","List","2",59
"3","First","List","3",63
"4","First","List","4",59
"5","First","List","5",46
"6","First","Context","6",11
"7","First","Context","7",11
"8","First","Context","8",16
"9","First","Context","9",33
"10","First","Context","10",28
"11","First","KeyWord","11",37
"12","First","KeyWord","12",35
"13","First","KeyWord","13",51
"14","First","KeyWord","14",49
"15","First","KeyWord","15",28
"16","Second","List","16",56
"17","Second","List","17",72
"18","Second","List","18",78
"19","Second","List","19",65
"20","Second","List","20",80
"21","Second","Context","21",48
"22","Second","Context","22",38
"23","Second","Context","23",48
"24","Second","Context","24",33
"25","Second","Context","25",59
"26","Second","KeyWord","26",65
"27","Second","KeyWord","27",45
"28","Second","KeyWord","28",39
"29","Second","KeyWord","29",53
"30","Second","KeyWord","30",47
